MatchID,OriginPlayerID,EventOrigin_x,EventOrigin_y
1,Huskies_D1,34.32692307692308,78.59615384615384
1,Huskies_D2,34.361111111111114,57.333333333333336
1,Huskies_D3,38.833333333333336,24.854166666666668
1,Huskies_D4,57.294117647058826,12.294117647058824
1,Huskies_D5,54.88235294117647,90.17647058823529
1,Huskies_F1,74.36363636363636,81.0
1,Huskies_F2,59.71052631578947,65.15789473684211
1,Huskies_F3,58.55555555555556,40.333333333333336
1,Huskies_G1,9.916666666666666,44.333333333333336
1,Huskies_M1,52.07692307692308,76.21153846153847
1,Huskies_M2,50.1,32.8
1,Huskies_M3,46.6,47.77777777777778
1,Huskies_M4,58.888888888888886,33.55555555555556
1,Huskies_M5,71.66666666666667,46.333333333333336
1,Opponent1_D1,52.333333333333336,20.933333333333334
1,Opponent1_D2,46.63636363636363,35.27272727272727
1,Opponent1_D3,40.125,74.20833333333333
1,Opponent1_D4,32.125,43.375
1,Opponent1_F1,82.25,15.75
1,Opponent1_F2,51.294117647058826,32.05882352941177
1,Opponent1_F3,64.375,84.75
1,Opponent1_F4,72.66666666666667,59.666666666666664
1,Opponent1_F5,66.83333333333333,35.166666666666664
1,Opponent1_G1,14.285714285714286,55.57142857142857
1,Opponent1_M1,56.96875,51.6875
1,Opponent1_M2,60.411764705882355,60.23529411764706
1,Opponent1_M3,53.55555555555556,54.2962962962963
2,Huskies_D1,33.69565217391305,79.08695652173913
2,Huskies_D2,31.5,53.3
2,Huskies_D3,30.0,34.42857142857143
2,Huskies_D4,34.666666666666664,16.333333333333332
2,Huskies_D6,55.875,91.8125
2,Huskies_F1,73.33333333333333,70.88888888888889
2,Huskies_F2,54.94736842105263,62.578947368421055
2,Huskies_G1,12.0,51.4
2,Huskies_M1,44.206896551724135,71.48275862068965
2,Huskies_M2,41.875,30.125
2,Huskies_M3,43.94117647058823,41.0
2,Huskies_M4,47.888888888888886,65.77777777777777
2,Huskies_M6,52.8,18.8
2,Opponent2_D1,60.18181818181818,81.0909090909091
2,Opponent2_D2,45.125,43.410714285714285
2,Opponent2_D3,28.807692307692307,50.57692307692308
2,Opponent2_D4,40.37735849056604,44.716981132075475
2,Opponent2_D5,62.125,86.625
2,Opponent2_F1,62.1,41.25
2,Opponent2_F2,74.76190476190476,55.523809523809526
2,Opponent2_F3,67.6470588235294,60.94117647058823
2,Opponent2_G1,9.666666666666666,49.19047619047619
2,Opponent2_M1,49.86,33.22
2,Opponent2_M2,62.285714285714285,44.10204081632653
2,Opponent2_M3,48.142857142857146,11.0
2,Opponent2_M4,58.12765957446808,46.48936170212766
2,Opponent2_M5,57.733333333333334,58.86666666666667
3,Huskies_D1,30.64864864864865,71.16216216216216
3,Huskies_D2,34.16216216216216,49.91891891891892
3,Huskies_D3,34.41463414634146,25.146341463414632
3,Huskies_D4,46.8421052631579,9.894736842105264
3,Huskies_D6,51.095238095238095,82.71428571428571
3,Huskies_F1,62.5,49.5
3,Huskies_F2,61.74193548387097,57.0
3,Huskies_F3,62.44444444444444,66.33333333333333
3,Huskies_G1,12.5,45.333333333333336
3,Huskies_M1,49.44117647058823,45.44117647058823
3,Huskies_M4,43.083333333333336,49.708333333333336
3,Huskies_M6,55.80952380952381,37.80952380952381
3,Huskies_M7,48.31818181818182,56.54545454545455
3,Huskies_M8,80.5,69.0
3,Opponent3_D1,35.13636363636363,25.651515151515152
3,Opponent3_D2,42.24528301886792,81.39622641509433
3,Opponent3_D3,35.16326530612245,51.3469387755102
3,Opponent3_D4,45.588235294117645,12.705882352941176
3,Opponent3_D5,44.42857142857143,87.85714285714286
3,Opponent3_F1,67.0,48.5
3,Opponent3_F2,57.5,33.214285714285715
3,Opponent3_F3,74.25,52.0
3,Opponent3_G1,11.727272727272727,48.878787878787875
3,Opponent3_M1,54.07462686567164,54.343283582089555
3,Opponent3_M2,58.23076923076923,86.84615384615384
3,Opponent3_M3,55.32692307692308,41.26923076923077
3,Opponent3_M4,69.86666666666666,62.08888888888889
3,Opponent3_M5,54.5,32.125
4,Huskies_D1,31.512820512820515,69.33333333333333
4,Huskies_D2,32.58139534883721,30.372093023255815
4,Huskies_D4,48.83720930232558,10.162790697674419
4,Huskies_D5,51.65217391304348,89.56521739130434
4,Huskies_F1,61.666666666666664,68.0
4,Huskies_F2,57.333333333333336,57.75
4,Huskies_F3,63.77777777777778,51.77777777777778
4,Huskies_G1,11.238095238095237,47.80952380952381
4,Huskies_M1,51.303030303030305,57.121212121212125
4,Huskies_M2,57.3,35.4
4,Huskies_M3,46.75,52.625
4,Huskies_M4,50.72222222222222,30.88888888888889
4,Huskies_M6,61.89655172413793,34.51724137931034
4,Huskies_M9,43.5,63.25
4,Opponent4_D1,41.458333333333336,24.145833333333332
4,Opponent4_D2,29.05128205128205,46.333333333333336
4,Opponent4_D3,35.48571428571429,73.71428571428571
4,Opponent4_D4,53.02325581395349,88.30232558139535
4,Opponent4_D5,57.91891891891892,12.91891891891892
4,Opponent4_F1,72.35714285714286,47.214285714285715
4,Opponent4_F2,78.66666666666667,24.0
4,Opponent4_G1,10.75,52.75
4,Opponent4_M1,59.0,32.85294117647059
4,Opponent4_M2,58.7,66.45
4,Opponent4_M3,51.903225806451616,49.645161290322584
4,Opponent4_M4,64.6842105263158,36.26315789473684
4,Opponent4_M5,78.0,39.0
4,Opponent4_M6,61.4,11.4
5,Huskies_D1,35.07692307692308,75.43589743589743
5,Huskies_D2,30.4,53.96
5,Huskies_D3,36.21052631578947,26.763157894736842
5,Huskies_D4,49.607142857142854,11.0
5,Huskies_D5,47.12903225806452,88.03225806451613
5,Huskies_F1,72.0,52.0
5,Huskies_F2,54.05882352941177,47.411764705882355
5,Huskies_F3,59.22222222222222,59.77777777777778
5,Huskies_G1,11.333333333333334,53.0
5,Huskies_M1,46.735849056603776,49.509433962264154
5,Huskies_M3,44.03448275862069,48.41379310344828
5,Huskies_M4,48.0,70.92857142857143
5,Huskies_M5,58.25,46.0
5,Huskies_M6,51.67857142857143,43.42857142857143
5,Opponent5_D1,36.52272727272727,35.0
5,Opponent5_D2,56.4,87.72
5,Opponent5_D3,61.51063829787234,11.702127659574469
5,Opponent5_D4,37.0,61.07142857142857
5,Opponent5_F1,70.36363636363636,46.81818181818182
5,Opponent5_F2,75.36363636363636,28.818181818181817
5,Opponent5_F3,69.0,49.0
5,Opponent5_G1,12.0,56.0
5,Opponent5_M1,52.6231884057971,38.028985507246375
5,Opponent5_M2,55.36842105263158,62.578947368421055
5,Opponent5_M3,61.023809523809526,38.357142857142854
5,Opponent5_M4,64.87878787878788,58.93939393939394
5,Opponent5_M5,66.66666666666667,41.166666666666664
5,Opponent5_M6,55.357142857142854,31.928571428571427
6,Huskies_D2,36.75,31.178571428571427
6,Huskies_D4,58.0,9.434782608695652
6,Huskies_D5,55.57692307692308,90.42307692307692
6,Huskies_D6,35.55172413793103,74.65517241379311
6,Huskies_D7,78.5,86.0
6,Huskies_F1,73.6,70.0
6,Huskies_F2,60.73684210526316,68.6842105263158
6,Huskies_F4,77.5,34.75
6,Huskies_G1,14.636363636363637,48.81818181818182
6,Huskies_M1,55.516129032258064,52.75806451612903
6,Huskies_M2,55.93333333333333,55.86666666666667
6,Huskies_M3,46.37735849056604,49.490566037735846
6,Huskies_M4,62.76923076923077,65.53846153846153
6,Huskies_M6,57.333333333333336,30.666666666666668
6,Opponent6_D1,55.172413793103445,12.827586206896552
6,Opponent6_D2,53.86206896551724,83.96551724137932
6,Opponent6_D3,31.157894736842106,70.15789473684211
6,Opponent6_D4,34.07692307692308,27.03846153846154
6,Opponent6_D5,37.111111111111114,32.666666666666664
6,Opponent6_F1,64.14285714285714,32.42857142857143
6,Opponent6_F2,76.53846153846153,48.92307692307692
6,Opponent6_F3,70.0,54.0
6,Opponent6_F4,72.0,62.0
6,Opponent6_G1,10.5,50.2
6,Opponent6_M1,45.372093023255815,39.02325581395349
6,Opponent6_M2,57.73076923076923,28.23076923076923
6,Opponent6_M3,53.86842105263158,49.921052631578945
6,Opponent6_M4,64.34782608695652,73.21739130434783
7,Huskies_D1,38.04651162790697,70.48837209302326
7,Huskies_D2,43.857142857142854,36.204081632653065
7,Huskies_D4,64.04878048780488,12.878048780487806
7,Huskies_D5,50.06521739130435,88.23913043478261
7,Huskies_F1,66.76470588235294,53.94117647058823
7,Huskies_F2,55.07692307692308,53.53846153846154
7,Huskies_F3,59.8,50.2
7,Huskies_F4,68.4,43.8
7,Huskies_G1,16.066666666666666,50.86666666666667
7,Huskies_M1,52.52459016393443,58.50819672131148
7,Huskies_M3,52.52777777777778,46.388888888888886
7,Huskies_M4,73.22222222222223,36.77777777777778
7,Huskies_M6,68.17391304347827,38.82608695652174
7,Huskies_M9,60.8125,62.875
7,Opponent7_D1,28.285714285714285,26.5
7,Opponent7_D2,44.76470588235294,11.352941176470589
7,Opponent7_D3,33.5,68.33333333333333
7,Opponent7_D4,43.84615384615385,83.15384615384616
7,Opponent7_F1,70.5,57.92857142857143
7,Opponent7_G1,12.0,57.0
7,Opponent7_M1,58.23076923076923,21.692307692307693
7,Opponent7_M2,44.464285714285715,34.285714285714285
7,Opponent7_M3,49.925925925925924,54.96296296296296
7,Opponent7_M4,60.3125,72.5625
7,Opponent7_M5,54.416666666666664,23.416666666666668
8,Huskies_D1,34.355555555555554,64.15555555555555
8,Huskies_D3,33.048780487804876,40.41463414634146
8,Huskies_D4,45.1875,8.84375
8,Huskies_D6,48.6,86.75
8,Huskies_F1,56.76923076923077,25.923076923076923
8,Huskies_F2,58.708333333333336,51.708333333333336
8,Huskies_G1,14.0,50.75
8,Huskies_M1,49.65714285714286,53.114285714285714
8,Huskies_M3,45.05714285714286,36.94285714285714
8,Huskies_M4,7.0,68.0
8,Huskies_M5,25.333333333333332,22.333333333333332
8,Huskies_M6,61.375,55.625
8,Huskies_M9,70.71428571428571,73.85714285714286
8,Opponent8_D1,49.53333333333333,86.13333333333334
8,Opponent8_D2,26.894736842105264,73.10526315789474
8,Opponent8_D3,35.705882352941174,25.147058823529413
8,Opponent8_D4,47.30434782608695,10.217391304347826
8,Opponent8_D5,39.0,63.5
8,Opponent8_F1,57.46153846153846,37.15384615384615
8,Opponent8_F2,62.0,22.428571428571427
8,Opponent8_F3,73.0,79.66666666666667
8,Opponent8_G1,11.470588235294118,52.411764705882355
8,Opponent8_M1,45.35294117647059,34.14705882352941
8,Opponent8_M2,61.666666666666664,47.476190476190474
8,Opponent8_M3,40.86206896551724,59.41379310344828
8,Opponent8_M4,50.22222222222222,10.88888888888889
8,Opponent8_M5,54.77777777777778,76.07407407407408
9,Huskies_D1,34.78260869565217,68.8695652173913
9,Huskies_D2,40.0,62.333333333333336
9,Huskies_D3,36.72222222222222,31.0
9,Huskies_D4,47.333333333333336,11.333333333333334
9,Huskies_D7,52.5625,84.1875
9,Huskies_F1,66.28571428571429,70.71428571428571
9,Huskies_F2,59.5625,63.6875
9,Huskies_G1,14.5,47.625
9,Huskies_M1,50.214285714285715,58.42857142857143
9,Huskies_M10,63.8,50.6
9,Huskies_M4,45.3,59.0
9,Huskies_M6,54.5625,45.875
9,Huskies_M9,56.1764705882353,58.529411764705884
9,Opponent9_D1,32.2,45.325
9,Opponent9_D2,41.986301369863014,18.410958904109588
9,Opponent9_D3,38.945454545454545,80.6
9,Opponent9_D4,52.854166666666664,11.645833333333334
9,Opponent9_D5,58.59375,83.875
9,Opponent9_F1,63.21875,38.25
9,Opponent9_F2,58.86666666666667,38.733333333333334
9,Opponent9_G1,9.588235294117647,47.64705882352941
9,Opponent9_M1,58.83673469387755,61.48979591836735
9,Opponent9_M2,53.73809523809524,48.30952380952381
9,Opponent9_M3,47.56578947368421,44.51315789473684
9,Opponent9_M4,58.333333333333336,51.833333333333336
9,Opponent9_M5,46.3,56.8
10,Huskies_D2,37.8,35.142857142857146
10,Huskies_D3,41.575,69.85
10,Huskies_D4,55.7,15.175
10,Huskies_D7,60.875,87.95
10,Huskies_F1,64.22222222222223,57.55555555555556
10,Huskies_F2,63.17777777777778,41.84444444444444
10,Huskies_F4,77.0,50.5
10,Huskies_G1,13.375,53.0
10,Huskies_M1,52.67272727272727,41.96363636363636
10,Huskies_M11,57.0625,48.25
10,Huskies_M4,57.28125,59.15625
10,Huskies_M5,61.142857142857146,36.666666666666664
10,Huskies_M6,70.33333333333333,40.666666666666664
10,Huskies_M8,64.27272727272727,83.27272727272727
10,Opponent10_D1,41.411764705882355,72.6470588235294
10,Opponent10_D2,38.285714285714285,62.19047619047619
10,Opponent10_D3,49.8,16.2
10,Opponent10_D4,42.53333333333333,10.566666666666666
10,Opponent10_D5,35.333333333333336,19.476190476190474
10,Opponent10_F1,59.75,39.0
10,Opponent10_F2,76.0,17.0
10,Opponent10_F3,63.0,18.0
10,Opponent10_G1,12.133333333333333,48.8
10,Opponent10_M1,49.34375,39.03125
10,Opponent10_M2,56.095238095238095,65.80952380952381
10,Opponent10_M3,47.42857142857143,53.392857142857146
10,Opponent10_M4,57.916666666666664,48.583333333333336
10,Opponent10_M5,92.0,11.0
11,Huskies_D1,39.0,31.214285714285715
11,Huskies_D3,36.04545454545455,68.95454545454545
11,Huskies_D4,56.30769230769231,16.23076923076923
11,Huskies_D7,39.46153846153846,86.92307692307692
11,Huskies_F1,81.33333333333333,7.0
11,Huskies_F2,59.0,32.705882352941174
11,Huskies_F4,70.625,56.375
11,Huskies_G1,10.0,49.625
11,Huskies_M1,49.3125,44.3125
11,Huskies_M10,70.25,72.75
11,Huskies_M11,47.86666666666667,57.93333333333333
11,Huskies_M4,54.0,53.77777777777778
11,Huskies_M6,48.875,64.1875
11,Opponent11_D1,52.4,86.125
11,Opponent11_D2,54.26923076923077,12.884615384615385
11,Opponent11_D3,33.2,59.8
11,Opponent11_D4,33.82142857142857,32.214285714285715
11,Opponent11_D5,37.375,64.0
11,Opponent11_F1,64.88888888888889,12.777777777777779
11,Opponent11_F2,69.66666666666667,34.55555555555556
11,Opponent11_F3,56.0,67.5
11,Opponent11_G1,11.4,56.0
11,Opponent11_G2,12.0,59.75
11,Opponent11_M1,55.51162790697674,50.16279069767442
11,Opponent11_M2,46.78181818181818,51.6
11,Opponent11_M3,54.51428571428571,77.94285714285714
11,Opponent11_M4,60.88,54.76
12,Huskies_D1,40.5625,37.0
12,Huskies_D3,31.285714285714285,70.78571428571429
12,Huskies_D4,44.0,12.75
12,Huskies_D7,27.636363636363637,79.9090909090909
12,Huskies_F1,64.66666666666667,73.33333333333333
12,Huskies_F3,70.5,34.0
12,Huskies_F4,60.375,26.0
12,Huskies_G1,10.666666666666666,50.333333333333336
12,Huskies_M1,46.529411764705884,71.88235294117646
12,Huskies_M10,49.0,13.333333333333334
12,Huskies_M3,51.125,53.5
12,Huskies_M4,52.166666666666664,42.333333333333336
12,Huskies_M6,53.6,33.733333333333334
12,Huskies_M8,56.22222222222222,88.88888888888889
12,Opponent12_D1,35.729729729729726,66.32432432432432
12,Opponent12_D2,54.29545454545455,86.29545454545455
12,Opponent12_D3,37.55102040816327,28.959183673469386
12,Opponent12_D4,50.42857142857143,17.833333333333332
12,Opponent12_F1,77.5,54.5
12,Opponent12_G1,12.833333333333334,51.388888888888886
12,Opponent12_M1,64.825,80.1
12,Opponent12_M2,49.24528301886792,56.716981132075475
12,Opponent12_M3,69.875,58.03125
12,Opponent12_M4,59.53846153846154,24.653846153846153
12,Opponent12_M5,53.31884057971015,49.971014492753625
12,Opponent12_M6,73.1,27.7
12,Opponent12_M7,55.25,25.5
13,Huskies_D1,38.6,27.2
13,Huskies_D2,31.333333333333332,49.166666666666664
13,Huskies_D3,35.689655172413794,72.13793103448276
13,Huskies_D4,52.75,8.25
13,Huskies_D7,47.4,29.2
13,Huskies_F1,62.25,56.875
13,Huskies_G1,11.928571428571429,47.857142857142854
13,Huskies_M1,47.62162162162162,46.351351351351354
13,Huskies_M10,60.5,36.25
13,Huskies_M3,50.354838709677416,50.70967741935484
13,Huskies_M5,58.81818181818182,58.27272727272727
13,Huskies_M6,56.05555555555556,31.0
13,Huskies_M8,53.875,84.29166666666667
13,Huskies_M9,59.4,77.2
13,Opponent13_D1,36.732142857142854,71.53571428571429
13,Opponent13_D2,35.84931506849315,33.082191780821915
13,Opponent13_D3,53.609756097560975,90.34146341463415
13,Opponent13_D4,51.758620689655174,11.741379310344827
13,Opponent13_D5,24.0,72.0
13,Opponent13_F1,61.0,39.714285714285715
13,Opponent13_F2,78.0,21.0
13,Opponent13_G1,12.916666666666666,50.083333333333336
13,Opponent13_M1,68.20689655172414,48.89655172413793
13,Opponent13_M2,49.6625,44.1
13,Opponent13_M3,47.172413793103445,58.96551724137931
13,Opponent13_M4,58.4054054054054,68.35135135135135
13,Opponent13_M5,57.861111111111114,19.97222222222222
13,Opponent13_M6,60.714285714285715,60.142857142857146
14,Huskies_D2,31.210526315789473,37.1578947368421
14,Huskies_D5,41.70967741935484,12.290322580645162
14,Huskies_D6,32.72222222222222,71.80555555555556
14,Huskies_D7,49.56666666666667,84.33333333333333
14,Huskies_F1,70.66666666666667,55.75
14,Huskies_F2,44.666666666666664,36.74074074074074
14,Huskies_G1,10.615384615384615,46.15384615384615
14,Huskies_M1,42.45652173913044,54.56521739130435
14,Huskies_M10,59.0,20.666666666666668
14,Huskies_M11,39.833333333333336,49.666666666666664
14,Huskies_M4,49.07692307692308,66.23076923076923
14,Huskies_M6,59.392857142857146,34.57142857142857
14,Huskies_M8,53.19047619047619,44.857142857142854
14,Huskies_M9,69.0,51.333333333333336
14,Opponent14_D1,52.51428571428571,85.65714285714286
14,Opponent14_D2,38.275862068965516,14.551724137931034
14,Opponent14_D3,36.09090909090909,64.93181818181819
14,Opponent14_D4,38.907407407407405,33.166666666666664
14,Opponent14_D5,58.22727272727273,20.59090909090909
14,Opponent14_D6,38.166666666666664,76.66666666666667
14,Opponent14_F1,66.14285714285714,81.14285714285714
14,Opponent14_F2,66.91666666666667,60.416666666666664
14,Opponent14_F3,82.71428571428571,74.14285714285714
14,Opponent14_F4,75.0,77.33333333333333
14,Opponent14_G1,13.333333333333334,50.888888888888886
14,Opponent14_M1,54.296875,42.75
14,Opponent14_M2,48.958333333333336,49.458333333333336
14,Opponent14_M3,56.903225806451616,61.74193548387097
15,Huskies_D1,44.2,71.4
15,Huskies_D2,34.72727272727273,37.13636363636363
15,Huskies_D5,49.18181818181818,12.318181818181818
15,Huskies_D6,36.416666666666664,67.04166666666667
15,Huskies_D7,47.45454545454545,88.15151515151516
15,Huskies_F1,72.6,49.13333333333333
15,Huskies_F2,46.76470588235294,41.11764705882353
15,Huskies_G1,12.125,49.5
15,Huskies_M1,49.84848484848485,55.96969696969697
15,Huskies_M10,54.9,74.5
15,Huskies_M3,45.8,67.0
15,Huskies_M4,62.583333333333336,67.95833333333333
15,Huskies_M6,57.22727272727273,30.363636363636363
15,Huskies_M8,72.83333333333333,80.0
15,Opponent15_D1,38.51724137931034,72.55172413793103
15,Opponent15_D2,51.44,81.36
15,Opponent15_D3,32.4,26.84
15,Opponent15_D4,52.142857142857146,12.357142857142858
15,Opponent15_F1,60.36363636363637,36.54545454545455
15,Opponent15_F2,62.3,34.8
15,Opponent15_F3,70.5,81.16666666666667
15,Opponent15_F4,60.5,46.0
15,Opponent15_G1,15.5,42.666666666666664
15,Opponent15_M1,67.18181818181819,62.90909090909091
15,Opponent15_M2,44.58620689655172,42.41379310344828
15,Opponent15_M3,60.225,51.275
15,Opponent15_M4,59.1,56.5
16,Huskies_D2,26.833333333333332,49.666666666666664
16,Huskies_D5,27.285714285714285,28.714285714285715
16,Huskies_D6,36.42857142857143,67.42857142857143
16,Huskies_D7,27.25,77.25
16,Huskies_F1,55.4,49.8
16,Huskies_F2,52.44444444444444,65.55555555555556
16,Huskies_F4,62.5,12.5
16,Huskies_G1,11.333333333333334,51.166666666666664
16,Huskies_M1,45.5,50.2
16,Huskies_M3,43.25,52.5
16,Huskies_M4,49.5,54.0
16,Huskies_M6,50.375,29.875
16,Huskies_M8,56.5,82.16666666666667
16,Opponent16_D1,38.56923076923077,30.307692307692307
16,Opponent16_D2,51.484848484848484,87.10606060606061
16,Opponent16_D3,59.02777777777778,11.694444444444445
16,Opponent16_D4,32.88709677419355,64.69354838709677
16,Opponent16_F1,72.83333333333333,29.88888888888889
16,Opponent16_F2,70.55555555555556,77.97222222222223
16,Opponent16_F3,67.4,40.266666666666666
16,Opponent16_F4,70.11111111111111,64.33333333333333
16,Opponent16_F5,70.9090909090909,28.272727272727273
16,Opponent16_F6,58.0,59.0
16,Opponent16_G1,13.133333333333333,50.6
16,Opponent16_M1,55.662921348314605,53.674157303370784
16,Opponent16_M2,62.78,66.32
16,Opponent16_M3,59.85526315789474,32.46052631578947
17,Huskies_D2,29.642857142857142,35.5
17,Huskies_D3,17.0,38.0
17,Huskies_D5,47.68292682926829,13.121951219512194
17,Huskies_D6,32.0625,71.15625
17,Huskies_D7,56.34782608695652,89.56521739130434
17,Huskies_F1,59.333333333333336,55.44444444444444
17,Huskies_F2,57.233333333333334,42.56666666666667
17,Huskies_G1,9.857142857142858,58.857142857142854
17,Huskies_M1,48.3,55.333333333333336
17,Huskies_M3,46.175,41.175
17,Huskies_M4,38.333333333333336,17.666666666666668
17,Huskies_M6,57.611111111111114,22.944444444444443
17,Huskies_M8,57.166666666666664,81.33333333333333
17,Huskies_M9,64.83333333333333,82.5
17,Opponent17_D1,35.170212765957444,72.65957446808511
17,Opponent17_D2,54.972972972972975,83.43243243243244
17,Opponent17_D3,38.17391304347826,26.195652173913043
17,Opponent17_D4,50.19444444444444,13.222222222222221
17,Opponent17_F1,63.8,36.8
17,Opponent17_F2,38.0,8.0
17,Opponent17_G1,13.235294117647058,53.705882352941174
17,Opponent17_M1,47.7,52.72
17,Opponent17_M2,64.54545454545455,23.454545454545453
17,Opponent17_M3,70.0,50.785714285714285
17,Opponent17_M4,67.36666666666666,71.63333333333334
17,Opponent17_M5,49.35294117647059,50.92156862745098
17,Opponent17_M6,61.0,14.0
18,Huskies_D2,33.06060606060606,33.21212121212121
18,Huskies_D5,45.638888888888886,14.805555555555555
18,Huskies_D6,33.473684210526315,69.60526315789474
18,Huskies_D7,51.4,88.72
18,Huskies_F1,75.85714285714286,16.428571428571427
18,Huskies_F2,53.6551724137931,44.10344827586207
18,Huskies_G1,13.5,45.375
18,Huskies_M1,48.94642857142857,47.32142857142857
18,Huskies_M10,63.333333333333336,65.0
18,Huskies_M3,45.51428571428571,49.0
18,Huskies_M4,49.90909090909091,51.90909090909091
18,Huskies_M6,56.05,17.95
18,Huskies_M8,59.18181818181818,82.0
18,Opponent18_D1,31.066666666666666,30.1
18,Opponent18_D2,31.307692307692307,74.96153846153847
18,Opponent18_D3,42.17142857142857,83.17142857142858
18,Opponent18_D4,44.285714285714285,12.75
18,Opponent18_F1,47.0,68.0
18,Opponent18_F2,60.416666666666664,67.5
18,Opponent18_F3,57.42857142857143,18.571428571428573
18,Opponent18_G1,10.2,47.5
18,Opponent18_M1,58.68571428571428,32.0
18,Opponent18_M2,51.107142857142854,64.5
18,Opponent18_M3,52.88235294117647,86.82352941176471
18,Opponent18_M4,44.81395348837209,40.48837209302326
18,Opponent18_M5,62.32,12.84
18,Opponent18_M6,55.8,30.8
19,Huskies_D1,39.25925925925926,69.5925925925926
19,Huskies_D2,28.0,50.833333333333336
19,Huskies_D3,41.0,30.366666666666667
19,Huskies_D5,45.21739130434783,11.217391304347826
19,Huskies_D7,48.95652173913044,84.34782608695652
19,Huskies_F1,57.30769230769231,30.692307692307693
19,Huskies_F3,54.81818181818182,66.36363636363636
19,Huskies_G1,12.352941176470589,51.294117647058826
19,Huskies_M1,46.86666666666667,71.93333333333334
19,Huskies_M11,48.9,55.9
19,Huskies_M3,47.388888888888886,41.166666666666664
19,Huskies_M4,62.375,41.375
19,Huskies_M6,57.523809523809526,33.76190476190476
19,Huskies_M8,60.625,82.875
19,Opponent3_D1,43.375,22.53125
19,Opponent3_D2,44.714285714285715,75.57142857142857
19,Opponent3_D4,49.421052631578945,14.447368421052632
19,Opponent3_D5,31.627450980392158,46.294117647058826
19,Opponent3_D6,57.666666666666664,89.66666666666667
19,Opponent3_F2,53.63157894736842,42.89473684210526
19,Opponent3_F3,62.666666666666664,65.0
19,Opponent3_F4,72.72093023255815,41.04651162790697
19,Opponent3_G1,9.368421052631579,48.473684210526315
19,Opponent3_M1,71.29411764705883,66.23529411764706
19,Opponent3_M2,66.1219512195122,87.41463414634147
19,Opponent3_M3,59.63492063492063,63.317460317460316
19,Opponent3_M4,66.44,54.36
19,Opponent3_M5,51.285714285714285,36.25
20,Huskies_D1,42.36363636363637,28.363636363636363
20,Huskies_D2,33.705882352941174,56.0
20,Huskies_D5,54.26923076923077,13.384615384615385
20,Huskies_D6,37.56,78.2
20,Huskies_D7,59.333333333333336,83.44444444444444
20,Huskies_F1,63.5,83.0
20,Huskies_F4,72.33333333333333,29.333333333333332
20,Huskies_G1,12.333333333333334,51.333333333333336
20,Huskies_M11,72.0,21.0
20,Huskies_M12,73.0,35.27272727272727
20,Huskies_M3,47.5,45.833333333333336
20,Huskies_M4,58.82608695652174,67.95652173913044
20,Huskies_M6,56.0,40.23076923076923
20,Huskies_M8,72.66666666666667,52.333333333333336
20,Opponent19_D1,53.793103448275865,10.758620689655173
20,Opponent19_D2,32.166666666666664,30.541666666666668
20,Opponent19_D3,29.384615384615383,42.92307692307692
20,Opponent19_D4,47.95238095238095,83.52380952380952
20,Opponent19_F1,64.05882352941177,50.705882352941174
20,Opponent19_F2,48.5,70.5
20,Opponent19_F3,63.0,19.333333333333332
20,Opponent19_G1,10.5,37.5
20,Opponent19_M1,53.34375,63.53125
20,Opponent19_M2,51.0,33.611111111111114
20,Opponent19_M3,59.48148148148148,19.88888888888889
20,Opponent19_M4,70.20833333333333,85.08333333333333
20,Opponent19_M5,63.111111111111114,74.33333333333333
20,Opponent19_M6,71.0,70.0
21,Huskies_D1,30.069767441860463,58.627906976744185
21,Huskies_D3,32.61702127659574,29.76595744680851
21,Huskies_D5,45.810810810810814,19.89189189189189
21,Huskies_D7,45.53846153846154,86.38461538461539
21,Huskies_F1,68.11111111111111,38.55555555555556
21,Huskies_F2,52.8125,44.625
21,Huskies_F4,65.625,54.625
21,Huskies_G1,12.4,43.64
21,Huskies_M1,45.51063829787234,54.234042553191486
21,Huskies_M12,62.0,30.2
21,Huskies_M13,52.588235294117645,32.23529411764706
21,Huskies_M3,44.65853658536585,46.829268292682926
21,Huskies_M6,62.16129032258065,31.451612903225808
21,Huskies_M8,56.142857142857146,73.0
21,Opponent6_D2,60.0,13.678571428571429
21,Opponent6_D3,45.95,83.8
21,Opponent6_D4,29.1875,29.9375
21,Opponent6_D5,30.0,67.16666666666667
21,Opponent6_F2,67.16666666666667,57.0
21,Opponent6_F3,67.33333333333333,40.611111111111114
21,Opponent6_F5,78.44444444444444,54.333333333333336
21,Opponent6_G1,11.285714285714286,56.142857142857146
21,Opponent6_M3,49.34782608695652,44.47826086956522
21,Opponent6_M4,64.6875,51.4375
21,Opponent6_M5,50.8235294117647,55.411764705882355
21,Opponent6_M6,68.04347826086956,20.91304347826087
21,Opponent6_M7,34.666666666666664,17.666666666666668
22,Huskies_D1,26.4,72.8
22,Huskies_D2,33.73684210526316,32.578947368421055
22,Huskies_D5,49.32258064516129,14.258064516129032
22,Huskies_D6,65.05,89.4
22,Huskies_F1,61.0,78.0
22,Huskies_F2,54.62068965517241,39.3448275862069
22,Huskies_F4,71.0,63.0
22,Huskies_G1,10.3,45.3
22,Huskies_M12,62.8235294117647,21.294117647058822
22,Huskies_M13,57.083333333333336,52.416666666666664
22,Huskies_M3,52.064516129032256,52.45161290322581
22,Huskies_M4,54.15,48.6
22,Huskies_M8,56.25,19.75
22,Huskies_M9,67.6,75.24
22,Opponent5_D1,37.794871794871796,68.53846153846153
22,Opponent5_D5,43.3421052631579,13.81578947368421
22,Opponent5_D6,36.975,33.025
22,Opponent5_D7,52.94117647058823,89.91176470588235
22,Opponent5_F2,80.5,35.5
22,Opponent5_F3,69.9047619047619,38.666666666666664
22,Opponent5_G1,10.714285714285714,53.0
22,Opponent5_M1,48.88333333333333,44.45
22,Opponent5_M4,60.05882352941177,64.54901960784314
22,Opponent5_M5,62.23529411764706,35.05882352941177
22,Opponent5_M6,53.56470588235294,58.05882352941177
22,Opponent5_M7,63.541666666666664,30.166666666666668
23,Huskies_D3,30.047619047619047,33.904761904761905
23,Huskies_D5,41.40625,19.375
23,Huskies_D6,29.8,69.33333333333333
23,Huskies_D7,43.785714285714285,86.5
23,Huskies_F1,77.33333333333333,65.0
23,Huskies_F2,53.23529411764706,39.470588235294116
23,Huskies_F5,64.41666666666667,39.0
23,Huskies_G1,10.461538461538462,48.0
23,Huskies_M1,48.608695652173914,41.97826086956522
23,Huskies_M12,39.166666666666664,62.5
23,Huskies_M13,50.5,61.708333333333336
23,Huskies_M3,43.8,61.9
23,Huskies_M6,49.0,23.571428571428573
23,Huskies_M8,64.44444444444444,76.0
23,Opponent4_D1,33.94,35.6
23,Opponent4_D2,34.88636363636363,67.54545454545455
23,Opponent4_D5,45.69387755102041,15.224489795918368
23,Opponent4_D6,61.0,88.125
23,Opponent4_F1,59.0,42.125
23,Opponent4_F2,64.37037037037037,28.814814814814813
23,Opponent4_G1,11.227272727272727,51.27272727272727
23,Opponent4_M1,59.3,56.3
23,Opponent4_M2,62.75,70.33333333333333
23,Opponent4_M3,49.734693877551024,61.285714285714285
23,Opponent4_M4,61.78787878787879,33.90909090909091
23,Opponent4_M5,50.04838709677419,34.774193548387096
23,Opponent4_M7,46.375,53.375
23,Opponent4_M8,40.0,83.0
24,Huskies_D2,39.46153846153846,45.205128205128204
24,Huskies_D5,50.1,14.3
24,Huskies_D6,34.16129032258065,70.64516129032258
24,Huskies_D7,49.096774193548384,85.64516129032258
24,Huskies_F2,46.40909090909091,33.59090909090909
24,Huskies_F4,74.0,48.5
24,Huskies_F5,64.58823529411765,53.23529411764706
24,Huskies_F6,62.21052631578947,82.94736842105263
24,Huskies_G1,12.76923076923077,48.30769230769231
24,Huskies_M12,61.35294117647059,20.529411764705884
24,Huskies_M13,55.04761904761905,58.95238095238095
24,Huskies_M3,42.6,43.46666666666667
24,Huskies_M6,61.77272727272727,37.09090909090909
24,Huskies_M9,69.875,12.75
24,Opponent19_D1,43.625,19.375
24,Opponent19_D2,35.6,67.4
24,Opponent19_D3,31.7,30.4
24,Opponent19_D4,48.294117647058826,79.41176470588235
24,Opponent19_D5,34.666666666666664,57.0
24,Opponent19_F1,63.61538461538461,44.76923076923077
24,Opponent19_F2,57.8235294117647,47.411764705882355
24,Opponent19_G1,11.857142857142858,33.57142857142857
24,Opponent19_M1,46.94117647058823,54.294117647058826
24,Opponent19_M2,49.5,61.5
24,Opponent19_M3,40.0,19.666666666666668
24,Opponent19_M4,70.33333333333333,75.91666666666667
24,Opponent19_M5,46.285714285714285,33.61904761904762
24,Opponent19_M6,39.0,6.0
25,Huskies_D1,28.107142857142858,34.17857142857143
25,Huskies_D3,29.94736842105263,64.36842105263158
25,Huskies_D5,43.791666666666664,13.875
25,Huskies_D8,48.45161290322581,91.25806451612904
25,Huskies_F1,90.5,9.0
25,Huskies_F2,49.766666666666666,50.86666666666667
25,Huskies_F4,63.166666666666664,66.16666666666667
25,Huskies_F6,58.285714285714285,84.57142857142857
25,Huskies_G1,8.88888888888889,48.166666666666664
25,Huskies_M1,50.611111111111114,53.72222222222222
25,Huskies_M3,50.5,71.0
25,Huskies_M4,60.8,66.33333333333333
25,Huskies_M6,62.411764705882355,32.23529411764706
25,Opponent10_D3,54.84615384615385,13.653846153846153
25,Opponent10_D4,43.6,21.8
25,Opponent10_D5,34.13513513513514,35.729729729729726
25,Opponent10_D6,31.64864864864865,66.05405405405405
25,Opponent10_F1,73.33333333333333,51.333333333333336
25,Opponent10_F2,61.875,46.75
25,Opponent10_F3,51.0,56.5
25,Opponent10_F4,67.88888888888889,76.55555555555556
25,Opponent10_G1,12.142857142857142,51.857142857142854
25,Opponent10_M2,70.0,27.4
25,Opponent10_M3,43.696969696969695,49.484848484848484
25,Opponent10_M5,47.77272727272727,60.95454545454545
25,Opponent10_M6,40.411764705882355,54.294117647058826
25,Opponent10_M7,39.861111111111114,87.13888888888889
26,Huskies_D1,34.93333333333333,74.33333333333333
26,Huskies_D2,37.689655172413794,65.37931034482759
26,Huskies_D5,53.88461538461539,19.96153846153846
26,Huskies_D7,57.51428571428571,89.2
26,Huskies_D9,36.138888888888886,30.916666666666668
26,Huskies_F1,65.28571428571429,44.857142857142854
26,Huskies_F4,75.8,41.6
26,Huskies_F5,63.0,34.333333333333336
26,Huskies_F6,68.55555555555556,62.77777777777778
26,Huskies_G1,14.533333333333333,46.53333333333333
26,Huskies_M1,55.44117647058823,48.73529411764706
26,Huskies_M12,64.4,53.3
26,Huskies_M3,52.17777777777778,55.71111111111111
26,Huskies_M4,64.46153846153847,36.84615384615385
26,Opponent5_M3,58.43333333333333,65.7
26,Opponent9_D2,45.30769230769231,8.307692307692308
26,Opponent9_D3,31.864864864864863,36.86486486486486
26,Opponent9_D4,48.94444444444444,20.88888888888889
26,Opponent9_D5,57.97142857142857,84.57142857142857
26,Opponent9_D6,32.12,68.14
26,Opponent9_F3,60.09090909090909,47.90909090909091
26,Opponent9_G1,9.2,39.6
26,Opponent9_G2,14.0,60.0
26,Opponent9_M1,57.98076923076923,40.48076923076923
26,Opponent9_M2,51.816326530612244,52.16326530612245
26,Opponent9_M3,47.43283582089552,43.582089552238806
26,Opponent9_M4,44.666666666666664,45.0
26,Opponent9_M6,57.55555555555556,28.644444444444446
27,Huskies_D1,35.32142857142857,70.89285714285714
27,Huskies_D2,32.588235294117645,71.94117647058823
27,Huskies_D5,59.111111111111114,19.11111111111111
27,Huskies_D7,57.92857142857143,83.85714285714286
27,Huskies_D8,46.9,83.85
27,Huskies_D9,34.666666666666664,30.047619047619047
27,Huskies_F2,51.45,42.225
27,Huskies_F4,76.8,53.8
27,Huskies_F6,63.11538461538461,74.73076923076923
27,Huskies_G1,12.1,48.3
27,Huskies_M1,48.111111111111114,51.05555555555556
27,Huskies_M3,61.5,79.0
27,Huskies_M4,60.0,52.5
27,Huskies_M6,65.9,30.6
27,Opponent12_D2,57.04761904761905,88.47619047619048
27,Opponent12_D5,32.375,59.1875
27,Opponent12_D6,41.90909090909091,32.95454545454545
27,Opponent12_D7,51.421052631578945,18.210526315789473
27,Opponent12_F1,64.33333333333333,29.083333333333332
27,Opponent12_F2,63.0,30.0
27,Opponent12_G2,13.4,43.2
27,Opponent12_M2,43.84848484848485,63.81818181818182
27,Opponent12_M3,65.23809523809524,65.52380952380952
27,Opponent12_M4,65.08695652173913,35.73913043478261
27,Opponent12_M5,49.266666666666666,51.3
28,Huskies_D1,34.523809523809526,31.666666666666668
28,Huskies_D2,34.875,68.29166666666667
28,Huskies_D5,46.458333333333336,13.708333333333334
28,Huskies_D7,51.43478260869565,84.0
28,Huskies_F1,80.66666666666667,62.333333333333336
28,Huskies_F2,46.206896551724135,42.3448275862069
28,Huskies_F4,60.666666666666664,59.833333333333336
28,Huskies_F5,59.875,42.125
28,Huskies_F6,53.55555555555556,80.11111111111111
28,Huskies_G1,11.8,49.0
28,Huskies_M1,43.61538461538461,58.282051282051285
28,Huskies_M12,63.0,35.0
28,Huskies_M4,49.94444444444444,62.0
28,Huskies_M6,63.785714285714285,30.785714285714285
28,Opponent11_D1,70.27272727272727,81.36363636363636
28,Opponent11_D2,35.07142857142857,13.785714285714286
28,Opponent11_D5,32.407407407407405,33.74074074074074
28,Opponent11_D6,54.370370370370374,84.4074074074074
28,Opponent11_D7,33.083333333333336,66.95833333333333
28,Opponent11_F1,55.583333333333336,26.333333333333332
28,Opponent11_F3,73.5,39.7
28,Opponent11_F4,62.125,57.5
28,Opponent11_F5,59.92857142857143,77.07142857142857
28,Opponent11_G2,16.0,47.166666666666664
28,Opponent11_M2,47.45454545454545,56.85454545454545
28,Opponent11_M3,59.0,19.0
28,Opponent11_M5,46.36363636363637,45.15151515151515
28,Opponent11_M6,58.55555555555556,52.55555555555556
29,Huskies_D1,31.846153846153847,30.846153846153847
29,Huskies_D2,28.8,63.06666666666667
29,Huskies_D5,42.3125,12.5
29,Huskies_D8,51.7,88.3
29,Huskies_F1,59.470588235294116,14.529411764705882
29,Huskies_F2,47.9,52.65
29,Huskies_F4,70.0,14.25
29,Huskies_F5,62.666666666666664,22.4
29,Huskies_F6,58.1764705882353,70.11764705882354
29,Huskies_G1,13.5,41.5
29,Huskies_M1,40.55555555555556,40.18518518518518
29,Huskies_M4,43.25,53.5
29,Huskies_M6,49.81818181818182,27.59090909090909
29,Huskies_M8,67.25,74.9375
29,Opponent7_D1,35.54838709677419,21.967741935483872
29,Opponent7_D2,55.04347826086956,9.391304347826088
29,Opponent7_D3,35.46666666666667,71.1
29,Opponent7_D4,52.074074074074076,89.62962962962963
29,Opponent7_F1,57.111111111111114,76.77777777777777
29,Opponent7_F2,67.0,59.3
29,Opponent7_G1,12.083333333333334,52.416666666666664
29,Opponent7_M1,76.2,24.1
29,Opponent7_M2,57.225806451612904,43.29032258064516
29,Opponent7_M6,50.885714285714286,43.22857142857143
29,Opponent7_M7,68.76190476190476,22.857142857142858
30,Huskies_D1,36.275862068965516,30.06896551724138
30,Huskies_D3,37.333333333333336,66.71428571428571
30,Huskies_D4,52.65,18.775
30,Huskies_D6,43.5,89.33333333333333
30,Huskies_D8,54.09090909090909,87.45454545454545
30,Huskies_F1,84.0,88.5
30,Huskies_F2,52.59183673469388,48.857142857142854
30,Huskies_F5,65.78260869565217,41.04347826086956
30,Huskies_F6,69.6470588235294,79.94117647058823
30,Huskies_G1,12.714285714285714,49.5
30,Huskies_M12,74.6,11.7
30,Huskies_M2,66.75,69.75
30,Huskies_M4,56.1,69.96666666666667
30,Huskies_M6,54.416666666666664,39.666666666666664
30,Opponent8_D2,28.8,63.86666666666667
30,Opponent8_D3,37.285714285714285,24.142857142857142
30,Opponent8_D6,44.0,9.181818181818182
30,Opponent8_D7,43.3125,85.625
30,Opponent8_F1,64.625,17.75
30,Opponent8_F2,56.666666666666664,29.416666666666668
30,Opponent8_F5,71.6,62.8
30,Opponent8_G1,10.25,48.0
30,Opponent8_M1,45.31578947368421,35.05263157894737
30,Opponent8_M2,55.69230769230769,54.61538461538461
30,Opponent8_M5,52.588235294117645,66.6470588235294
30,Opponent8_M6,43.714285714285715,68.5
31,Huskies_D1,36.375,40.25
31,Huskies_D3,34.97560975609756,69.7560975609756
31,Huskies_D4,48.73170731707317,13.512195121951219
31,Huskies_D6,39.5,76.5
31,Huskies_D8,48.18518518518518,82.37037037037037
31,Huskies_F1,57.6,43.8
31,Huskies_F2,53.13725490196079,53.90196078431372
31,Huskies_F5,68.8,51.8
31,Huskies_F6,66.30434782608695,80.56521739130434
31,Huskies_G1,11.266666666666667,46.8
31,Huskies_M1,50.31111111111111,47.31111111111111
31,Huskies_M12,62.583333333333336,15.416666666666666
31,Huskies_M3,43.0,25.5
31,Huskies_M4,50.2,46.0
31,Opponent1_D3,39.2,26.4
31,Opponent1_D4,35.92857142857143,63.714285714285715
31,Opponent1_D5,42.11538461538461,18.423076923076923
31,Opponent1_D6,47.526315789473685,78.26315789473684
31,Opponent1_F1,73.0,62.333333333333336
31,Opponent1_F4,55.0,36.166666666666664
31,Opponent1_F6,54.333333333333336,34.0
31,Opponent1_G1,10.5,50.5
31,Opponent1_M2,53.21052631578947,67.6842105263158
31,Opponent1_M3,53.5,49.39473684210526
31,Opponent1_M4,61.92,19.08
31,Opponent1_M5,50.30769230769231,43.84615384615385
31,Opponent1_M6,47.476190476190474,52.76190476190476
32,Huskies_D1,35.5625,30.6875
32,Huskies_D3,31.41176470588235,68.05882352941177
32,Huskies_D4,46.0,14.705882352941176
32,Huskies_D8,58.333333333333336,93.16666666666667
32,Huskies_F1,40.666666666666664,41.666666666666664
32,Huskies_F2,42.6,55.2
32,Huskies_F4,65.0,77.0
32,Huskies_F5,81.0,92.0
32,Huskies_F6,74.2,77.6
32,Huskies_G1,10.75,48.25
32,Huskies_M11,49.285714285714285,84.85714285714286
32,Huskies_M12,58.25,12.5
32,Huskies_M3,50.54545454545455,41.27272727272727
32,Huskies_M4,63.0,47.55555555555556
32,Opponent2_D1,61.25,85.63636363636364
32,Opponent2_D2,37.38317757009346,73.14018691588785
32,Opponent2_D4,34.15555555555556,39.48888888888889
32,Opponent2_D5,27.0,18.0
32,Opponent2_D6,44.81428571428572,15.628571428571428
32,Opponent2_F1,64.65714285714286,43.51428571428571
32,Opponent2_F3,65.85714285714286,53.75
32,Opponent2_G1,11.8,52.6
32,Opponent2_M1,51.104294478527606,44.41717791411043
32,Opponent2_M2,60.24175824175824,37.285714285714285
32,Opponent2_M3,66.28571428571429,26.88095238095238
32,Opponent2_M4,53.77049180327869,63.795081967213115
32,Opponent2_M5,58.86666666666667,64.93333333333334
32,Opponent2_M6,44.3448275862069,65.86206896551724
33,Huskies_D1,36.8,31.766666666666666
33,Huskies_D3,38.285714285714285,70.25
33,Huskies_D4,53.44,12.32
33,Huskies_D8,50.05263157894737,86.84210526315789
33,Huskies_F1,70.66666666666667,11.88888888888889
33,Huskies_F2,57.90909090909091,47.90909090909091
33,Huskies_F5,68.83333333333333,35.25
33,Huskies_F6,64.36363636363636,70.9090909090909
33,Huskies_G1,16.0,50.25
33,Huskies_M1,62.07142857142857,41.285714285714285
33,Huskies_M11,68.66666666666667,27.333333333333332
33,Huskies_M12,75.0,13.833333333333334
33,Huskies_M3,52.32142857142857,42.285714285714285
33,Huskies_M4,74.57142857142857,45.714285714285715
33,Opponent13_D1,34.578947368421055,39.87719298245614
33,Opponent16_D1,42.1219512195122,18.097560975609756
33,Opponent16_D4,46.682539682539684,79.17460317460318
33,Opponent16_D5,60.44444444444444,87.33333333333333
33,Opponent16_F1,67.0,39.166666666666664
33,Opponent16_F3,57.2,43.4
33,Opponent16_F4,38.142857142857146,22.714285714285715
33,Opponent16_F6,61.9375,80.8125
33,Opponent16_G2,14.0,56.94117647058823
33,Opponent16_M1,54.916666666666664,67.03333333333333
33,Opponent16_M2,58.25,51.75
33,Opponent16_M3,57.979166666666664,39.479166666666664
33,Opponent16_M4,51.5,45.72857142857143
34,Huskies_D1,29.475,33.5
34,Huskies_D10,35.4,19.8
34,Huskies_D3,32.86486486486486,65.13513513513513
34,Huskies_D4,44.6,12.466666666666667
34,Huskies_D8,50.793103448275865,84.65517241379311
34,Huskies_F2,54.47222222222222,51.30555555555556
34,Huskies_F5,71.0,38.833333333333336
34,Huskies_F6,65.9,74.8
34,Huskies_G1,12.714285714285714,41.04761904761905
34,Huskies_M1,52.23529411764706,36.029411764705884
34,Huskies_M11,43.285714285714285,41.714285714285715
34,Huskies_M12,63.06666666666667,17.4
34,Huskies_M3,39.18867924528302,40.113207547169814
34,Huskies_M9,78.0,17.0
34,Opponent14_F2,60.95,58.45
34,Opponent18_D1,35.12,33.56
34,Opponent18_D2,32.48148148148148,65.14814814814815
34,Opponent18_D3,44.02777777777778,82.38888888888889
34,Opponent18_D4,54.111111111111114,10.944444444444445
34,Opponent18_F2,75.33333333333333,63.333333333333336
34,Opponent18_F3,67.0909090909091,46.13636363636363
34,Opponent18_G1,13.272727272727273,53.0
34,Opponent18_M1,59.1,33.63333333333333
34,Opponent18_M3,59.375,87.5
34,Opponent18_M5,55.69230769230769,73.61538461538461
34,Opponent18_M7,48.8125,49.333333333333336
34,Opponent18_M8,51.125,54.375
35,Huskies_D1,32.64150943396226,37.18867924528302
35,Huskies_D3,38.51063829787234,68.08510638297872
35,Huskies_D4,45.88095238095238,16.261904761904763
35,Huskies_D8,54.5,85.95
35,Huskies_F1,64.33333333333333,80.33333333333333
35,Huskies_F2,52.38461538461539,53.333333333333336
35,Huskies_F5,70.36363636363636,49.54545454545455
35,Huskies_F6,62.411764705882355,63.64705882352941
35,Huskies_G1,10.333333333333334,50.27777777777778
35,Huskies_M1,49.73529411764706,53.61764705882353
35,Huskies_M12,63.266666666666666,27.8
35,Huskies_M3,45.4054054054054,46.45945945945946
35,Huskies_M4,54.09090909090909,46.0
35,Opponent17_D1,33.94117647058823,74.05882352941177
35,Opponent17_D2,43.53846153846154,85.46153846153847
35,Opponent17_D3,29.967741935483872,32.96774193548387
35,Opponent17_D5,32.56521739130435,15.521739130434783
35,Opponent17_F1,55.0,43.666666666666664
35,Opponent17_F3,53.46153846153846,57.61538461538461
35,Opponent17_F4,62.785714285714285,50.5
35,Opponent17_G2,13.454545454545455,54.18181818181818
35,Opponent17_M1,43.04347826086956,57.391304347826086
35,Opponent17_M2,49.333333333333336,79.45833333333333
35,Opponent17_M3,45.1764705882353,46.6764705882353
35,Opponent17_M5,38.285714285714285,43.42857142857143
35,Opponent17_M7,49.96,34.84
35,Opponent17_M8,76.5,80.5
36,Huskies_D1,26.16,37.36
36,Huskies_D10,34.333333333333336,30.833333333333332
36,Huskies_D3,37.225806451612904,63.903225806451616
36,Huskies_D4,44.74193548387097,10.612903225806452
36,Huskies_D8,48.0,83.04166666666667
36,Huskies_F2,52.96551724137931,37.96551724137931
36,Huskies_F4,94.0,87.0
36,Huskies_F5,61.375,42.5
36,Huskies_F6,56.95,30.3
36,Huskies_G1,11.833333333333334,52.416666666666664
36,Huskies_M1,48.42857142857143,43.0
36,Huskies_M3,44.15686274509804,39.431372549019606
36,Huskies_M4,59.0,71.42857142857143
36,Huskies_M9,59.6,62.333333333333336
36,Opponent15_D1,36.34615384615385,71.07692307692308
36,Opponent15_D3,39.583333333333336,33.05555555555556
36,Opponent15_D4,53.666666666666664,23.0
36,Opponent15_D5,52.958333333333336,21.208333333333332
36,Opponent15_D6,54.63157894736842,91.21052631578948
36,Opponent15_F3,64.75,78.8
36,Opponent15_F4,60.75,48.5
36,Opponent15_G1,15.538461538461538,51.0
36,Opponent15_M3,55.81481481481482,46.833333333333336
36,Opponent15_M5,60.857142857142854,26.178571428571427
36,Opponent15_M6,45.357142857142854,54.035714285714285
36,Opponent15_M7,69.37037037037037,43.51851851851852
36,Opponent15_M8,53.75,40.25
37,Huskies_D1,35.2,50.666666666666664
37,Huskies_D10,39.285714285714285,22.476190476190474
37,Huskies_D3,33.44444444444444,62.19444444444444
37,Huskies_D4,54.08,6.96
37,Huskies_D8,61.46153846153846,91.65384615384616
37,Huskies_F4,73.66666666666667,69.0
37,Huskies_F5,67.0,48.916666666666664
37,Huskies_G1,14.466666666666667,50.13333333333333
37,Huskies_M1,60.24324324324324,54.972972972972975
37,Huskies_M12,48.333333333333336,90.0
37,Huskies_M2,64.4,62.6
37,Huskies_M3,51.73684210526316,46.3421052631579
37,Huskies_M4,58.29032258064516,60.354838709677416
37,Huskies_M9,54.0,20.375
37,Opponent13_D2,38.5,25.392857142857142
37,Opponent13_D3,53.84,90.88
37,Opponent13_D4,48.78947368421053,13.157894736842104
37,Opponent13_D5,35.45,48.85
37,Opponent13_D6,37.58620689655172,71.34482758620689
37,Opponent13_F1,60.285714285714285,50.142857142857146
37,Opponent13_F2,73.33333333333333,44.666666666666664
37,Opponent13_G2,13.0,54.5
37,Opponent13_M1,62.0,72.94117647058823
37,Opponent13_M2,51.35,47.025
37,Opponent13_M4,57.142857142857146,76.14285714285714
37,Opponent13_M6,60.916666666666664,33.5
37,Opponent13_M7,50.142857142857146,51.642857142857146
37,Opponent13_M8,47.57142857142857,22.571428571428573
38,Huskies_D1,37.733333333333334,65.93333333333334
38,Huskies_D10,34.166666666666664,13.166666666666666
38,Huskies_D3,32.611111111111114,56.5
38,Huskies_D4,51.8,9.88
38,Huskies_D8,57.68421052631579,86.78947368421052
38,Huskies_F4,66.5,49.22727272727273
38,Huskies_F5,71.5,46.0
38,Huskies_F6,66.4,24.6
38,Huskies_G1,12.375,50.0
38,Huskies_M1,51.44,59.9
38,Huskies_M12,53.5,95.0
38,Huskies_M2,54.142857142857146,65.28571428571429
38,Huskies_M3,44.65714285714286,45.91428571428571
38,Huskies_M4,56.0,50.67857142857143
38,Opponent14_D1,55.48,83.36
38,Opponent14_D2,49.08571428571429,16.428571428571427
38,Opponent14_D4,32.65,42.3
38,Opponent14_D5,71.61538461538461,10.846153846153847
38,Opponent14_D6,45.851851851851855,78.88888888888889
38,Opponent14_D7,30.0,39.0
38,Opponent14_F1,73.25806451612904,52.74193548387097
38,Opponent14_G2,11.692307692307692,52.84615384615385
38,Opponent14_M1,59.51020408163265,41.16326530612245
38,Opponent14_M2,53.75,71.5
38,Opponent14_M3,46.785714285714285,57.25
38,Opponent14_M4,48.23809523809524,48.142857142857146
38,Opponent14_M5,56.51162790697674,54.883720930232556
38,Opponent14_M6,58.166666666666664,17.375
